{
  "train_loss": [
    2.586956516901652,
    1.388760092523363
  ],
  "val_loss": [
    2.83001708984375,
    2.2502048015594482
  ]
}