epoch,train_loss,val_loss,val_replay_gain_mean_db,val_replay_gap_mean_db,best_val_replay_gain_mean_db
1,42274612237289.24,412214657024.0,-60.42187898674997,73.95434361650894,-60.42187898674997
2,98464551090972.44,75572813824.0,-57.79764883838944,71.33011346814841,-57.79764883838944
