epoch,train_loss,val_loss,val_replay_gain_mean_db,val_replay_gap_mean_db,best_val_replay_gain_mean_db
1,2.586956516901652,2.83001708984375,-37.275031204892834,50.8074958346518,-37.275031204892834
2,1.388760092523363,2.2502048015594482,-28.97181219728002,42.50427682703899,-28.97181219728002
