{
  "checkpoint": "python_impl\\experiments\\anc_single_control\\peak_anchor_acoustic_2000_30ep_v3\\best_replay.pt",
  "h5_path": "Z:\\anc\\distributed_anc_sim_py\\python_impl\\python_scripts\\cfxlms_qc_dataset_single_control.h5",
  "model_kind": "acoustic",
  "include_s2r": false,
  "train_metrics": {
    "anchor_exact": 0.9564583333333333,
    "anchor_within_1": 0.9720833333333333,
    "anchor_mae": 0.17375,
    "local_energy_capture": 0.7493608593940735,
    "full_raw_mse": 6.547365501319291e-06
  },
  "val_metrics": {
    "anchor_exact": 0.09166666666666666,
    "anchor_within_1": 0.24833333333333332,
    "anchor_mae": 4.12,
    "local_energy_capture": 0.5619013905525208,
    "full_raw_mse": 2.5412502509425394e-05
  },
  "replay_summary": {
    "room_indices": [
      158,
      172,
      486,
      962
    ],
    "ai_vs_zero_db_mean": 7.296772834317438,
    "h5_vs_zero_db_mean": 26.41651739068194,
    "ai_to_h5_gap_db_mean": 19.119744556364502,
    "per_room": [
      {
        "ai_vs_zero_db": 6.159146025541471,
        "h5_vs_zero_db": 26.698075681433984,
        "ai_to_h5_gap_db": 20.538929655892517,
        "room_idx": 158
      },
      {
        "ai_vs_zero_db": 8.20500908257837,
        "h5_vs_zero_db": 28.525595270933408,
        "ai_to_h5_gap_db": 20.320586188355037,
        "room_idx": 172
      },
      {
        "ai_vs_zero_db": 11.52673161810861,
        "h5_vs_zero_db": 25.93125145666933,
        "ai_to_h5_gap_db": 14.40451983856072,
        "room_idx": 486
      },
      {
        "ai_vs_zero_db": 3.2962046110413006,
        "h5_vs_zero_db": 24.511147153691045,
        "ai_to_h5_gap_db": 21.214942542649744,
        "room_idx": 962
      }
    ]
  }
}