{
  "algorithms": [
    "CFxLMS"
  ],
  "duration_s": 10.0,
  "fs": 4000,
  "f_low": 100.0,
  "f_high": 1500.0,
  "L": 1024,
  "mu": 0.0001,
  "runtimes_s": {
    "CFxLMS": 14.986501799998223
  },
  "nse_db_last_1s": {
    "CFxLMS": [
      -10.044965563734596,
      -5.625934789962055,
      -6.370973086330106,
      -6.370979222443644
    ]
  },
  "nr_db_last_1s": {
    "CFxLMS": [
      10.044965563734596,
      5.625934789962055,
      6.370973086330106,
      6.370979222443644
    ]
  }
}