{
  "algorithms": [
    "CFxLMS",
    "ADFxLMS",
    "ADFxLMS-BC",
    "Diff-FxLMS",
    "DCFxLMS",
    "CDFxLMS",
    "MGDFxLMS"
  ],
  "duration_s": 10.0,
  "fs": 4000,
  "f_low": 100.0,
  "f_high": 1500.0,
  "L": 1024,
  "mu": 0.0001,
  "runtimes_s": {
    "CFxLMS": 14.647299600001134,
    "ADFxLMS": 13.244065300001239,
    "ADFxLMS-BC": 6.892033700001775,
    "Diff-FxLMS": 4.209524599998986,
    "DCFxLMS": 2.8134668999991845,
    "CDFxLMS": 6.150039899999683,
    "MGDFxLMS": 15.634892900001432
  },
  "nse_db_last_1s": {
    "CFxLMS": [
      -10.044965563734596,
      -5.625934789962055,
      -6.370973086330106,
      -6.370979222443644
    ],
    "ADFxLMS": [
      -8.981047769015673,
      -4.163266003878123,
      -4.109708448376625,
      -3.9269620151249276
    ],
    "ADFxLMS-BC": [
      -9.003292871725643,
      -4.130122054150017,
      -3.8998962767503094,
      -3.8998962354651505
    ],
    "Diff-FxLMS": [
      -1.7821165254855018,
      -0.1552804161688855,
      -0.25403942183214845,
      -0.25404026232493304
    ],
    "DCFxLMS": [
      -16.680191727347864,
      -6.024288731094,
      -5.580678554448346,
      -5.5806778783727475
    ],
    "CDFxLMS": [
      -13.509402541289433,
      -9.01967272766431,
      -8.951370692365387,
      -8.951370800764627
    ],
    "MGDFxLMS": [
      -12.837896269668093,
      -5.022589150456218,
      -4.714109308416946,
      -4.714109449707295
    ]
  },
  "nr_db_last_1s": {
    "CFxLMS": [
      10.044965563734596,
      5.625934789962055,
      6.370973086330106,
      6.370979222443644
    ],
    "ADFxLMS": [
      8.981047769015673,
      4.163266003878123,
      4.109708448376625,
      3.9269620151249276
    ],
    "ADFxLMS-BC": [
      9.003292871725643,
      4.130122054150017,
      3.8998962767503094,
      3.8998962354651505
    ],
    "Diff-FxLMS": [
      1.7821165254855018,
      0.1552804161688855,
      0.25403942183214845,
      0.25404026232493304
    ],
    "DCFxLMS": [
      16.680191727347864,
      6.024288731094,
      5.580678554448346,
      5.5806778783727475
    ],
    "CDFxLMS": [
      13.509402541289433,
      9.01967272766431,
      8.951370692365387,
      8.951370800764627
    ],
    "MGDFxLMS": [
      12.837896269668093,
      5.022589150456218,
      4.714109308416946,
      4.714109449707295
    ]
  }
}