{
  "algorithms": [
    "CFxLMS",
    "ADFxLMS",
    "ADFxLMS-BC",
    "Diff-FxLMS",
    "DCFxLMS",
    "CDFxLMS",
    "MGDFxLMS"
  ],
  "duration_s": 2.0,
  "fs": 4000,
  "f_low": 100.0,
  "f_high": 1500.0,
  "L": 1024,
  "mu": 0.0001,
  "runtimes_s": {
    "CFxLMS": 2.9509180999993987,
    "ADFxLMS": 2.5978617000000668,
    "ADFxLMS-BC": 1.34817049999765,
    "Diff-FxLMS": 0.8137902000016766,
    "DCFxLMS": 0.5425417000005837,
    "CDFxLMS": 1.2108178000016778,
    "MGDFxLMS": 3.036054599997442
  },
  "nse_db_last_1s": {
    "CFxLMS": [
      3.6581289725957298,
      7.947947888361302,
      6.943298580181461,
      6.943293211804122
    ],
    "ADFxLMS": [
      -1.564601294492065,
      -0.9041356612557532,
      -0.9012947126342651,
      -0.8663720755017017
    ],
    "ADFxLMS-BC": [
      -1.5529271097234596,
      -0.8922388550021444,
      -0.8702229813358662,
      -0.8702230708513883
    ],
    "Diff-FxLMS": [
      -0.7435895472148375,
      -0.31884765058013803,
      -0.09481714412077029,
      -0.09481745592340711
    ],
    "DCFxLMS": [
      -4.493945072114311,
      -2.2506790014029896,
      -2.235229502763447,
      -2.2352296060216745
    ],
    "CDFxLMS": [
      -7.538318425128523,
      -3.8637016097700143,
      -4.172363554295002,
      -4.1723638977524375
    ],
    "MGDFxLMS": [
      -4.314785150006882,
      -1.8464055291791117,
      -2.0486733044176546,
      -2.0486734137515854
    ]
  },
  "nr_db_last_1s": {
    "CFxLMS": [
      -3.6581289725957298,
      -7.947947888361302,
      -6.943298580181461,
      -6.943293211804122
    ],
    "ADFxLMS": [
      1.564601294492065,
      0.9041356612557532,
      0.9012947126342651,
      0.8663720755017017
    ],
    "ADFxLMS-BC": [
      1.5529271097234596,
      0.8922388550021444,
      0.8702229813358662,
      0.8702230708513883
    ],
    "Diff-FxLMS": [
      0.7435895472148375,
      0.31884765058013803,
      0.09481714412077029,
      0.09481745592340711
    ],
    "DCFxLMS": [
      4.493945072114311,
      2.2506790014029896,
      2.235229502763447,
      2.2352296060216745
    ],
    "CDFxLMS": [
      7.538318425128523,
      3.8637016097700143,
      4.172363554295002,
      4.1723638977524375
    ],
    "MGDFxLMS": [
      4.314785150006882,
      1.8464055291791117,
      2.0486733044176546,
      2.0486734137515854
    ]
  }
}