{"algorithms":["CFxLMS","ADFxLMS","ADFxLMS-BC","Diff-FxLMS","DCFxLMS","CDFxLMS","MGDFxLMS"],"duration_s":2,"fs":4000,"f_low":100,"f_high":1500,"L":1024,"mu":0.0001,"runtimes_s":{"CFxLMS":3.655015,"ADFxLMS":7.0844914,"ADFxLMS_BC":4.0051937,"Diff_FxLMS":2.181043,"DCFxLMS":1.7351887,"CDFxLMS":4.3935103,"MGDFxLMS":3.5488943},"nse_db_last_1s":{"CFxLMS":[39.575985701720654,43.118615545532833,43.364982443355437,43.426893135422887],"ADFxLMS":[-1.87321318538205,-1.0837347701052853,-1.1510190017895832,-1.1254995771664513],"ADFxLMS_BC":[-1.8941774546395349,-1.1128308515427456,-1.1546363667253166,-1.1533822600021897],"Diff_FxLMS":[-0.890566486333675,-0.36180556439980693,-0.1464844214871886,-0.15366424298243497],"DCFxLMS":[-5.0732136178283032,-2.20963513613053,-2.5392987738249033,-2.5299276171102134],"CDFxLMS":[-7.693515599432704,-3.4434094649298181,-4.5418035707518651,-4.5404520932815764],"MGDFxLMS":[-5.0421530184981034,-2.1431591409497655,-2.2519525930116955,-2.243729311040322]}}