{
  "algorithms": [
    "CFxLMS"
  ],
  "duration_s": 10.0,
  "fs": 4000,
  "f_low": 100.0,
  "f_high": 1500.0,
  "L": 1024,
  "mu": 0.0001,
  "runtimes_s": {
    "CFxLMS": 14.476248499999201
  },
  "nse_db_last_1s": {
    "CFxLMS": [
      95.98132820967174,
      100.45863985364569,
      99.66474028707461,
      99.66473373562229
    ]
  }
}