{
  "algorithms": [
    "CFxLMS"
  ],
  "duration_s": 10.0,
  "fs": 4000,
  "f_low": 100.0,
  "f_high": 1500.0,
  "L": 1024,
  "mu": 0.0001,
  "runtimes_s": {
    "CFxLMS": 14.771600899999612
  },
  "nse_db_last_1s": {
    "CFxLMS": [
      -28.30745551315237,
      -27.518518362131275,
      -28.605164641404755,
      -28.520319769841635
    ]
  },
  "nr_db_last_1s": {
    "CFxLMS": [
      28.30745551315237,
      27.518518362131275,
      28.605164641404755,
      28.520319769841635
    ]
  },
  "layout_preview": "Z:\\anc\\distributed_anc_sim_py\\python_impl\\python_scripts\\layout_preview_test.png"
}