{
  "algorithms": [
    "CFxLMS"
  ],
  "duration_s": 7,
  "fs": 4000,
  "f_low": 100.0,
  "f_high": 1500.0,
  "L": 512,
  "mu": 0.0001,
  "runtimes_s": {
    "CFxLMS": 7.53884279999329
  },
  "nse_db_last_1s": {
    "CFxLMS": [
      -26.635348197420594,
      -25.8362623485918,
      -26.7680122674247,
      -26.416301293690708
    ]
  },
  "nr_db_last_1s": {
    "CFxLMS": [
      26.635348197420594,
      25.8362623485918,
      26.7680122674247,
      26.416301293690708
    ]
  },
  "layout_preview": ""
}