{
  "dataset": "Z:\\anc\\distributed_anc_sim_py\\python_impl\\python_scripts\\strict_equiv_dataset.mat",
  "algorithms": [
    "CFxLMS",
    "ADFxLMS",
    "ADFxLMS-BC",
    "Diff-FxLMS",
    "DCFxLMS",
    "CDFxLMS",
    "MGDFxLMS"
  ],
  "fs": 4000,
  "L": 1024,
  "mu": 0.0001,
  "curve_window_ms": 50.0,
  "runtimes_s": {
    "CFxLMS": 15.823343799998838,
    "ADFxLMS": 13.373445999997784,
    "ADFxLMS-BC": 7.152812199998152,
    "Diff-FxLMS": 4.237378199999512,
    "DCFxLMS": 2.7970423999977356,
    "CDFxLMS": 6.343498999998701,
    "MGDFxLMS": 15.183920399998897
  },
  "nse_db_last_1s": {
    "CFxLMS": [
      -10.044965563734596,
      -5.625934789962055,
      -6.370973086330106,
      -6.370979222443644
    ],
    "ADFxLMS": [
      -8.981047769015673,
      -4.163266003878123,
      -4.109708448376625,
      -3.9269620151249276
    ],
    "ADFxLMS-BC": [
      -9.003292871725643,
      -4.130122054150017,
      -3.8998962767503094,
      -3.8998962354651505
    ],
    "Diff-FxLMS": [
      -1.7821165254855018,
      -0.1552804161688855,
      -0.25403942183214845,
      -0.25404026232493304
    ],
    "DCFxLMS": [
      -16.680191727347864,
      -6.024288731094,
      -5.580678554448346,
      -5.5806778783727475
    ],
    "CDFxLMS": [
      -13.509402541289433,
      -9.01967272766431,
      -8.951370692365387,
      -8.951370800764627
    ],
    "MGDFxLMS": [
      -12.837896269668093,
      -5.022589150456218,
      -4.714109308416946,
      -4.714109449707295
    ]
  },
  "nr_db_last_1s": {
    "CFxLMS": [
      10.044965563734596,
      5.625934789962055,
      6.370973086330106,
      6.370979222443644
    ],
    "ADFxLMS": [
      8.981047769015673,
      4.163266003878123,
      4.109708448376625,
      3.9269620151249276
    ],
    "ADFxLMS-BC": [
      9.003292871725643,
      4.130122054150017,
      3.8998962767503094,
      3.8998962354651505
    ],
    "Diff-FxLMS": [
      1.7821165254855018,
      0.1552804161688855,
      0.25403942183214845,
      0.25404026232493304
    ],
    "DCFxLMS": [
      16.680191727347864,
      6.024288731094,
      5.580678554448346,
      5.5806778783727475
    ],
    "CDFxLMS": [
      13.509402541289433,
      9.01967272766431,
      8.951370692365387,
      8.951370800764627
    ],
    "MGDFxLMS": [
      12.837896269668093,
      5.022589150456218,
      4.714109308416946,
      4.714109449707295
    ]
  }
}