{"dataset":"Z:\\anc\\distributed_anc_sim_py\\python_impl\\python_scripts\\strict_equiv_dataset.mat","algorithms":["CFxLMS","ADFxLMS","ADFxLMS-BC","Diff-FxLMS","DCFxLMS","CDFxLMS","MGDFxLMS"],"fs":4000,"L":1024,"mu":0.0001,"curve_window_ms":50,"runtimes_s":{"CFxLMS":19.3055243,"ADFxLMS":35.8825769,"ADFxLMS_BC":21.7506394,"Diff_FxLMS":10.5856472,"DCFxLMS":8.6402831,"CDFxLMS":17.8003984,"MGDFxLMS":16.5843704},"nse_db_last_1s":{"CFxLMS":[-10.044965563734554,-5.6259347899620193,-6.3709730863300642,-6.37097922244361],"ADFxLMS":[-8.9810477690156745,-4.1632660038781246,-4.1097084483766224,-3.926962015124932],"ADFxLMS_BC":[-9.0032928717256375,-4.1301220541500152,-3.8998962767503063,-3.8998962354651514],"Diff_FxLMS":[-1.7821165254854996,-0.15528041616888497,-0.25403942183214895,-0.25404026232493354],"DCFxLMS":[-16.680191727347861,-6.0242887310939963,-5.5806785544483422,-5.5806778783727484],"CDFxLMS":[-13.509402541289429,-9.01967272766431,-8.9513706923653817,-8.9513708007646287],"MGDFxLMS":[-12.837896269668089,-5.0225891504562163,-4.7141093084169441,-4.7141094497072968]},"nr_db_last_1s":{"CFxLMS":[10.044965563734554,5.6259347899620193,6.3709730863300642,6.37097922244361],"ADFxLMS":[8.9810477690156745,4.1632660038781246,4.1097084483766224,3.926962015124932],"ADFxLMS_BC":[9.0032928717256375,4.1301220541500152,3.8998962767503063,3.8998962354651514],"Diff_FxLMS":[1.7821165254854996,0.15528041616888497,0.25403942183214895,0.25404026232493354],"DCFxLMS":[16.680191727347861,6.0242887310939963,5.5806785544483422,5.5806778783727484],"CDFxLMS":[13.509402541289429,9.01967272766431,8.9513706923653817,8.9513708007646287],"MGDFxLMS":[12.837896269668089,5.0225891504562163,4.7141093084169441,4.7141094497072968]}}