{
  "checkpoint": "python_impl\\experiments\\anc_single_control\\peak_anchor_oracle_2000_30ep_v2\\best_replay.pt",
  "h5_path": "Z:\\anc\\distributed_anc_sim_py\\python_impl\\python_scripts\\cfxlms_qc_dataset_single_control.h5",
  "model_kind": "oracle",
  "include_s2r": false,
  "train_metrics": {
    "anchor_exact": 1.0,
    "anchor_within_1": 1.0,
    "anchor_mae": 0.0,
    "local_energy_capture": 0.7564175128936768,
    "full_raw_mse": 6.602527264476521e-06
  },
  "val_metrics": {
    "anchor_exact": 1.0,
    "anchor_within_1": 1.0,
    "anchor_mae": 0.0,
    "local_energy_capture": 0.7754288911819458,
    "full_raw_mse": 6.500323252112139e-06
  },
  "replay_summary": {
    "room_indices": [
      158,
      172,
      486,
      962
    ],
    "ai_vs_zero_db_mean": 5.950781716286713,
    "h5_vs_zero_db_mean": 26.41651739068194,
    "ai_to_h5_gap_db_mean": 20.46573567439523,
    "per_room": [
      {
        "ai_vs_zero_db": 4.86655941435351,
        "h5_vs_zero_db": 26.698075681433984,
        "ai_to_h5_gap_db": 21.831516267080474,
        "room_idx": 158
      },
      {
        "ai_vs_zero_db": 10.380182275474295,
        "h5_vs_zero_db": 28.525595270933408,
        "ai_to_h5_gap_db": 18.14541299545911,
        "room_idx": 172
      },
      {
        "ai_vs_zero_db": 6.479813338814072,
        "h5_vs_zero_db": 25.93125145666933,
        "ai_to_h5_gap_db": 19.451438117855258,
        "room_idx": 486
      },
      {
        "ai_vs_zero_db": 2.0765718365049732,
        "h5_vs_zero_db": 24.511147153691045,
        "ai_to_h5_gap_db": 22.434575317186074,
        "room_idx": 962
      }
    ]
  }
}