{
  "algorithms": [
    "CFxLMS",
    "ADFxLMS",
    "ADFxLMS-BC",
    "Diff-FxLMS",
    "DCFxLMS",
    "CDFxLMS",
    "MGDFxLMS"
  ],
  "duration_s": 2.0,
  "fs": 4000,
  "f_low": 100.0,
  "f_high": 1500.0,
  "L": 1024,
  "mu": 0.0001,
  "runtimes_s": {
    "CFxLMS": 3.1605756000008114,
    "ADFxLMS": 2.678860699999859,
    "ADFxLMS-BC": 1.405127199999697,
    "Diff-FxLMS": 0.8599407999990945,
    "DCFxLMS": 0.5625318000002153,
    "CDFxLMS": 1.2192829000014171,
    "MGDFxLMS": 3.00057360000028
  },
  "nse_db_last_1s": {
    "CFxLMS": [
      55.20723474272398,
      59.77451083690329,
      58.83093894914594,
      58.83093602668591
    ],
    "ADFxLMS": [
      0.071494500474752,
      0.1646431525100633,
      0.2438132345331642,
      0.23809901307681428
    ],
    "ADFxLMS-BC": [
      0.07453387054524956,
      0.17767265093276072,
      0.2487248843764288,
      0.2487247196190343
    ],
    "Diff-FxLMS": [
      0.09343692061139444,
      0.16919358337434892,
      0.27290628833065755,
      0.27290615046708255
    ],
    "DCFxLMS": [
      0.294846617535782,
      0.535184583525612,
      0.658779027712616,
      0.6587787531494921
    ],
    "CDFxLMS": [
      0.6151642883155897,
      0.6152197183684416,
      0.8643445645888121,
      0.8643440813680893
    ],
    "MGDFxLMS": [
      0.3366437961305282,
      0.7177176692853805,
      0.7688067227489972,
      0.7688065796287264
    ]
  }
}