{"algorithms":["CFxLMS","ADFxLMS","ADFxLMS-BC","Diff-FxLMS","DCFxLMS","CDFxLMS","MGDFxLMS"],"duration_s":2,"fs":4000,"f_low":100,"f_high":1500,"L":1024,"mu":0.0001,"runtimes_s":{"CFxLMS":4.4172011,"ADFxLMS":7.0670838,"ADFxLMS_BC":3.8011194,"Diff_FxLMS":1.9982001,"DCFxLMS":1.6101372,"CDFxLMS":3.3411775,"MGDFxLMS":3.1980967},"nse_db_last_1s":{"CFxLMS":[39.575985701720654,43.118615545532847,43.364982443355437,43.426893135422887],"ADFxLMS":[-1.87321318538205,-1.0837347701052853,-1.1510190017895847,-1.12549957716645],"ADFxLMS_BC":[-1.8941774546395331,-1.112830851542747,-1.1546363667253159,-1.1533822600021897],"Diff_FxLMS":[-0.89056648633367319,-0.36180556439980693,-0.1464844214871886,-0.15366424298243497],"DCFxLMS":[-5.0732136178283032,-2.20963513613053,-2.5392987738249033,-2.5299276171102134],"CDFxLMS":[-7.6935155994327031,-3.44340946492982,-4.5418035707518669,-4.5404520932815746],"MGDFxLMS":[-5.0421530184981043,-2.1431591409497659,-2.2519525930116955,-2.2437293110403225]}}