{
  "train_loss": [
    1293953105.0666666,
    1543730778.3111112,
    1302651489.7777777
  ],
  "val_loss": [
    251875008.0,
    310372608.0,
    370998944.0
  ]
}