{
  "train_loss": [
    2.640401570002238,
    1.4163448770840963,
    1.1776464151011572
  ],
  "val_loss": [
    22.41117286682129,
    21.81792640686035,
    21.594818115234375
  ]
}