{
  "train_loss": [
    2.586956516901652,
    1.388760092523363,
    1.1551766130659316
  ],
  "val_loss": [
    2.83001708984375,
    2.2502048015594482,
    2.0414113998413086
  ]
}