{
  "train_loss": [
    2.632871150970459,
    1.3980762918790182,
    1.1749696612358094
  ],
  "val_loss": [
    2.8509013652801514,
    2.268277168273926,
    2.0613200664520264
  ]
}