{
  "train_loss": [
    1.873255512960371e+21,
    1.7379649108288064e+18,
    7.486563115008596e+21
  ],
  "val_loss": [
    2.7216364374357914e+21,
    4.075436862361642e+24,
    6.210722283062044e+29
  ]
}